Group,Year,Group.Size,Helpers_YN,Male.Helpers.Quant,Female.Helpers.Quant,Secondary.Breeder_YN,Jan.Rain,Feb.Rain,Mar.Rain,Apr.Rain,May.Rain,Jun.Rain,Jul.Rain,Aug.Rain,Sep.Rain,Oct.Rain,Nov.Rain,Dec.Rain,Total.Rain
VWG01-12,2012,3,1,0,1,0,16,60,13.6,2.2,22.5,18.5,19.5,11.5,4.7,8.8,6,10.4,193.7
VWG02-12,2012,3,1,0,1,0,16,60,13.6,2.2,22.5,18.5,19.5,11.5,4.7,8.8,6,10.4,193.7
VWG03-12,2012,6,1,3,1,0,16,60,13.6,2.2,22.5,18.5,19.5,11.5,4.7,8.8,6,10.4,193.7
VWG04-12,2012,6,1,3,1,0,16,60,13.6,2.2,22.5,18.5,19.5,11.5,4.7,8.8,6,10.4,193.7
VWG05-12,2012,8,1,3,3,0,16,60,13.6,2.2,22.5,18.5,19.5,11.5,4.7,8.8,6,10.4,193.7
VWG06-12,2012,2,0,0,0,0,16,60,13.6,2.2,22.5,18.5,19.5,11.5,4.7,8.8,6,10.4,193.7
VWG07-12,2012,6,1,3,1,1,16,60,13.6,2.2,22.5,18.5,19.5,11.5,4.7,8.8,6,10.4,193.7
VWG08-12,2012,3,1,1,0,0,16,60,13.6,2.2,22.5,18.5,19.5,11.5,4.7,8.8,6,10.4,193.7
VWG09-12,2012,2,0,0,0,0,16,60,13.6,2.2,22.5,18.5,19.5,11.5,4.7,8.8,6,10.4,193.7
VWG9B-12,2012,2,0,0,0,0,16,60,13.6,2.2,22.5,18.5,19.5,11.5,4.7,8.8,6,10.4,193.7
VWG13-12,2012,2,0,0,0,0,16,60,13.6,2.2,22.5,18.5,19.5,11.5,4.7,8.8,6,10.4,193.7
VWG15-12,2012,4,1,1,1,0,16,60,13.6,2.2,22.5,18.5,19.5,11.5,4.7,8.8,6,10.4,193.7
VWG17-12,2012,2,0,0,0,0,16,60,13.6,2.2,22.5,18.5,19.5,11.5,4.7,8.8,6,10.4,193.7
VWG18-12,2012,8,1,5,1,0,16,60,13.6,2.2,22.5,18.5,19.5,11.5,4.7,8.8,6,10.4,193.7
VWG18B-12,2012,2,0,0,0,0,16,60,13.6,2.2,22.5,18.5,19.5,11.5,4.7,8.8,6,10.4,193.7
VWG19-12,2012,5,1,2,1,0,16,60,13.6,2.2,22.5,18.5,19.5,11.5,4.7,8.8,6,10.4,193.7
VWG20-12,2012,4,1,1,1,0,16,60,13.6,2.2,22.5,18.5,19.5,11.5,4.7,8.8,6,10.4,193.7
VWG21-12,2012,2,0,0,0,0,16,60,13.6,2.2,22.5,18.5,19.5,11.5,4.7,8.8,6,10.4,193.7
VWG22-12,2012,2,0,0,0,0,16,60,13.6,2.2,22.5,18.5,19.5,11.5,4.7,8.8,6,10.4,193.7
VWG23-12,2012,5,1,3,0,0,16,60,13.6,2.2,22.5,18.5,19.5,11.5,4.7,8.8,6,10.4,193.7
VWG24-12,2012,5,1,2,1,0,16,60,13.6,2.2,22.5,18.5,19.5,11.5,4.7,8.8,6,10.4,193.7
VWG25-12,2012,4,1,1,1,0,16,60,13.6,2.2,22.5,18.5,19.5,11.5,4.7,8.8,6,10.4,193.7
VWG26-12,2012,4,1,1,1,0,16,60,13.6,2.2,22.5,18.5,19.5,11.5,4.7,8.8,6,10.4,193.7
VWG27-12,2012,4,1,0,2,0,16,60,13.6,2.2,22.5,18.5,19.5,11.5,4.7,8.8,6,10.4,193.7
VWG28-12,2012,6,1,2,2,0,16,60,13.6,2.2,22.5,18.5,19.5,11.5,4.7,8.8,6,10.4,193.7
VWG28B-12,2012,5,1,2,1,0,16,60,13.6,2.2,22.5,18.5,19.5,11.5,4.7,8.8,6,10.4,193.7
VWG29-12,2012,5,1,2,1,0,16,60,13.6,2.2,22.5,18.5,19.5,11.5,4.7,8.8,6,10.4,193.7
VWG30-12,2012,5,1,2,1,0,16,60,13.6,2.2,22.5,18.5,19.5,11.5,4.7,8.8,6,10.4,193.7
VWG31-12,2012,8,1,3,3,0,16,60,13.6,2.2,22.5,18.5,19.5,11.5,4.7,8.8,6,10.4,193.7
VWG31B-12,2012,4,1,1,1,0,16,60,13.6,2.2,22.5,18.5,19.5,11.5,4.7,8.8,6,10.4,193.7
VWG32-12,2012,3,1,0,1,0,16,60,13.6,2.2,22.5,18.5,19.5,11.5,4.7,8.8,6,10.4,193.7
VWG34-12,2012,3,1,0,1,0,16,60,13.6,2.2,22.5,18.5,19.5,11.5,4.7,8.8,6,10.4,193.7
VWG33-12,2012,4,1,1,1,0,16,60,13.6,2.2,22.5,18.5,19.5,11.5,4.7,8.8,6,10.4,193.7
VWG37-12,2012,2,0,0,0,0,16,60,13.6,2.2,22.5,18.5,19.5,11.5,4.7,8.8,6,10.4,193.7
VWG40-12,2012,6,1,1,3,0,16,60,13.6,2.2,22.5,18.5,19.5,11.5,4.7,8.8,6,10.4,193.7
VWG42-12,2012,3,1,1,0,0,16,60,13.6,2.2,22.5,18.5,19.5,11.5,4.7,8.8,6,10.4,193.7
VWG43-12,2012,7,1,4,1,0,16,60,13.6,2.2,22.5,18.5,19.5,11.5,4.7,8.8,6,10.4,193.7
VWG60-12,2012,5,1,2,1,0,16,60,13.6,2.2,22.5,18.5,19.5,11.5,4.7,8.8,6,10.4,193.7
VWG01-13,2013,3,1,0,1,0,3.8,15,7,22.5,55.5,32.5,31.5,6.2,38.4,3.7,3.4,18.9,238.4
VWG02-13,2013,3,1,1,0,0,3.8,15,7,22.5,55.5,32.5,31.5,6.2,38.4,3.7,3.4,18.9,238.4
VWG03-13,2013,6,1,2,1,1,3.8,15,7,22.5,55.5,32.5,31.5,6.2,38.4,3.7,3.4,18.9,238.4
VWG04-13,2013,5,1,3,0,0,3.8,15,7,22.5,55.5,32.5,31.5,6.2,38.4,3.7,3.4,18.9,238.4
VWG05-13,2013,4,1,1,1,0,3.8,15,7,22.5,55.5,32.5,31.5,6.2,38.4,3.7,3.4,18.9,238.4
VWG06-13,2013,2,0,0,0,0,3.8,15,7,22.5,55.5,32.5,31.5,6.2,38.4,3.7,3.4,18.9,238.4
VWG08-13,2013,3,1,0,1,0,3.8,15,7,22.5,55.5,32.5,31.5,6.2,38.4,3.7,3.4,18.9,238.4
VWG09-13,2013,2,0,0,0,0,3.8,15,7,22.5,55.5,32.5,31.5,6.2,38.4,3.7,3.4,18.9,238.4
VWG9B-13,2013,2,0,0,0,0,3.8,15,7,22.5,55.5,32.5,31.5,6.2,38.4,3.7,3.4,18.9,238.4
VWG11-13,2013,,,,,,3.8,15,7,22.5,55.5,32.5,31.5,6.2,38.4,3.7,3.4,18.9,238.4
VWG11B-13,2013,3,1,1,0,0,3.8,15,7,22.5,55.5,32.5,31.5,6.2,38.4,3.7,3.4,18.9,238.4
VWG12-13,2013,3,1,0,1,1,3.8,15,7,22.5,55.5,32.5,31.5,6.2,38.4,3.7,3.4,18.9,238.4
VWG13-13,2013,2,0,0,0,0,3.8,15,7,22.5,55.5,32.5,31.5,6.2,38.4,3.7,3.4,18.9,238.4
VWG14-13,2013,5,1,2,1,0,3.8,15,7,22.5,55.5,32.5,31.5,6.2,38.4,3.7,3.4,18.9,238.4
VWG15-13,2013,3,1,1,0,0,3.8,15,7,22.5,55.5,32.5,31.5,6.2,38.4,3.7,3.4,18.9,238.4
VWG16-13,2013,2,0,0,0,0,3.8,15,7,22.5,55.5,32.5,31.5,6.2,38.4,3.7,3.4,18.9,238.4
VWG17-13,2013,2,0,0,0,0,3.8,15,7,22.5,55.5,32.5,31.5,6.2,38.4,3.7,3.4,18.9,238.4
VWG19-13,2013,5,1,1,2,0,3.8,15,7,22.5,55.5,32.5,31.5,6.2,38.4,3.7,3.4,18.9,238.4
VWG18B-13,2013,4,1,1,1,0,3.8,15,7,22.5,55.5,32.5,31.5,6.2,38.4,3.7,3.4,18.9,238.4
VWG20-13,2013,2,0,0,0,0,3.8,15,7,22.5,55.5,32.5,31.5,6.2,38.4,3.7,3.4,18.9,238.4
VWG21-13,2013,2,0,0,0,0,3.8,15,7,22.5,55.5,32.5,31.5,6.2,38.4,3.7,3.4,18.9,238.4
VWG23-13,2013,5,1,2,1,0,3.8,15,7,22.5,55.5,32.5,31.5,6.2,38.4,3.7,3.4,18.9,238.4
VWG25-13,2013,3,1,1,0,0,3.8,15,7,22.5,55.5,32.5,31.5,6.2,38.4,3.7,3.4,18.9,238.4
VWG27-13,2013,2,0,0,0,0,3.8,15,7,22.5,55.5,32.5,31.5,6.2,38.4,3.7,3.4,18.9,238.4
VWG28-13,2013,2,0,0,0,0,3.8,15,7,22.5,55.5,32.5,31.5,6.2,38.4,3.7,3.4,18.9,238.4
VWG30-13,2013,5,1,2,1,0,3.8,15,7,22.5,55.5,32.5,31.5,6.2,38.4,3.7,3.4,18.9,238.4
VWG31-13,2013,5,1,1,2,0,3.8,15,7,22.5,55.5,32.5,31.5,6.2,38.4,3.7,3.4,18.9,238.4
VWG31B-13,2013,4,1,1,1,0,3.8,15,7,22.5,55.5,32.5,31.5,6.2,38.4,3.7,3.4,18.9,238.4
VWG35-13,2013,3,1,1,0,0,3.8,15,7,22.5,55.5,32.5,31.5,6.2,38.4,3.7,3.4,18.9,238.4
VWG36-13,2013,2,0,0,0,0,3.8,15,7,22.5,55.5,32.5,31.5,6.2,38.4,3.7,3.4,18.9,238.4
VWG37-13,2013,2,0,0,0,0,3.8,15,7,22.5,55.5,32.5,31.5,6.2,38.4,3.7,3.4,18.9,238.4
VWG38-13,2013,3,1,1,0,0,3.8,15,7,22.5,55.5,32.5,31.5,6.2,38.4,3.7,3.4,18.9,238.4
VWG39-13,2013,2,0,0,0,0,3.8,15,7,22.5,55.5,32.5,31.5,6.2,38.4,3.7,3.4,18.9,238.4
VWG28B-13,2013,2,0,0,0,0,3.8,15,7,22.5,55.5,32.5,31.5,6.2,38.4,3.7,3.4,18.9,238.4
VWG40-13,2013,3,1,1,0,0,3.8,15,7,22.5,55.5,32.5,31.5,6.2,38.4,3.7,3.4,18.9,238.4
VWG41-13,2013,6,1,2,2,0,3.8,15,7,22.5,55.5,32.5,31.5,6.2,38.4,3.7,3.4,18.9,238.4
VWG43-13,2013,4,1,1,1,0,3.8,15,7,22.5,55.5,32.5,31.5,6.2,38.4,3.7,3.4,18.9,238.4
VWG44-13,2013,2,0,0,0,0,3.8,15,7,22.5,55.5,32.5,31.5,6.2,38.4,3.7,3.4,18.9,238.4
VWG46-13,2013,2,0,0,0,0,3.8,15,7,22.5,55.5,32.5,31.5,6.2,38.4,3.7,3.4,18.9,238.4
VWG50-13,2013,3,1,1,0,0,3.8,15,7,22.5,55.5,32.5,31.5,6.2,38.4,3.7,3.4,18.9,238.4
VWG52-13,2013,3,1,1,0,0,3.8,15,7,22.5,55.5,32.5,31.5,6.2,38.4,3.7,3.4,18.9,238.4
VWG54-13,2013,2,0,0,0,0,3.8,15,7,22.5,55.5,32.5,31.5,6.2,38.4,3.7,3.4,18.9,238.4
VWG55-13,2013,3,1,1,0,0,3.8,15,7,22.5,55.5,32.5,31.5,6.2,38.4,3.7,3.4,18.9,238.4
VWG56-13,2013,,,,,,3.8,15,7,22.5,55.5,32.5,31.5,6.2,38.4,3.7,3.4,18.9,238.4
VWG58-13,2013,2,0,0,0,0,3.8,15,7,22.5,55.5,32.5,31.5,6.2,38.4,3.7,3.4,18.9,238.4
VWGH1-13,2013,3,1,0,1,0,3.8,15,7,22.5,55.5,32.5,31.5,6.2,38.4,3.7,3.4,18.9,238.4
VWGH2-13,2013,2,0,0,0,0,3.8,15,7,22.5,55.5,32.5,31.5,6.2,38.4,3.7,3.4,18.9,238.4
VWGH3-13,2013,3,1,1,0,0,3.8,15,7,22.5,55.5,32.5,31.5,6.2,38.4,3.7,3.4,18.9,238.4
VWG01-14,2014,2,0,0,0,0,3,84,11.8,93.8,48.6,22,19.3,9,24,3.5,14.2,5.3,338.5
VWG02-14,2014,3,1,0,1,0,3,84,11.8,93.8,48.6,22,19.3,9,24,3.5,14.2,5.3,338.5
VWG03-14,2014,4,1,1,1,0,3,84,11.8,93.8,48.6,22,19.3,9,24,3.5,14.2,5.3,338.5
VWG04-14,2014,3,1,1,0,0,3,84,11.8,93.8,48.6,22,19.3,9,24,3.5,14.2,5.3,338.5
VWG05-14,2014,6,1,2,2,1,3,84,11.8,93.8,48.6,22,19.3,9,24,3.5,14.2,5.3,338.5
VWG06-14,2014,2,0,0,0,0,3,84,11.8,93.8,48.6,22,19.3,9,24,3.5,14.2,5.3,338.5
VWG07-14,2014,2,0,0,0,0,3,84,11.8,93.8,48.6,22,19.3,9,24,3.5,14.2,5.3,338.5
VWG08-14,2014,2,0,0,0,0,3,84,11.8,93.8,48.6,22,19.3,9,24,3.5,14.2,5.3,338.5
VWG09-14,2014,4,1,1,1,0,3,84,11.8,93.8,48.6,22,19.3,9,24,3.5,14.2,5.3,338.5
VWG10-14,2014,3,1,0,1,0,3,84,11.8,93.8,48.6,22,19.3,9,24,3.5,14.2,5.3,338.5
VWG11-14,2014,2,0,0,0,0,3,84,11.8,93.8,48.6,22,19.3,9,24,3.5,14.2,5.3,338.5
VWG12-14,2014,4,1,1,1,0,3,84,11.8,93.8,48.6,22,19.3,9,24,3.5,14.2,5.3,338.5
VWG13-14,2014,2,0,0,0,0,3,84,11.8,93.8,48.6,22,19.3,9,24,3.5,14.2,5.3,338.5
VWG14-14,2014,4,1,1,1,1,3,84,11.8,93.8,48.6,22,19.3,9,24,3.5,14.2,5.3,338.5
VWG15-14,2014,2,0,0,0,0,3,84,11.8,93.8,48.6,22,19.3,9,24,3.5,14.2,5.3,338.5
VWG16-14,2014,2,0,0,0,0,3,84,11.8,93.8,48.6,22,19.3,9,24,3.5,14.2,5.3,338.5
VWG17-14,2014,2,0,0,0,0,3,84,11.8,93.8,48.6,22,19.3,9,24,3.5,14.2,5.3,338.5
VWG18-14,2014,2,0,0,0,0,3,84,11.8,93.8,48.6,22,19.3,9,24,3.5,14.2,5.3,338.5
VWG19-14,2014,3,1,0,1,0,3,84,11.8,93.8,48.6,22,19.3,9,24,3.5,14.2,5.3,338.5
VWG20-14,2014,3,1,0,1,1,3,84,11.8,93.8,48.6,22,19.3,9,24,3.5,14.2,5.3,338.5
VWG21-14,2014,3,1,0,1,0,3,84,11.8,93.8,48.6,22,19.3,9,24,3.5,14.2,5.3,338.5
VWG22-14,2014,2,0,0,0,0,3,84,11.8,93.8,48.6,22,19.3,9,24,3.5,14.2,5.3,338.5
VWG23-14,2014,3,1,1,0,0,3,84,11.8,93.8,48.6,22,19.3,9,24,3.5,14.2,5.3,338.5
VWG24-14,2014,2,0,0,0,0,3,84,11.8,93.8,48.6,22,19.3,9,24,3.5,14.2,5.3,338.5
VWG25-14,2014,2,0,0,0,0,3,84,11.8,93.8,48.6,22,19.3,9,24,3.5,14.2,5.3,338.5
VWG26-14,2014,3,1,0,1,0,3,84,11.8,93.8,48.6,22,19.3,9,24,3.5,14.2,5.3,338.5
VWG27-14,2014,2,0,0,0,0,3,84,11.8,93.8,48.6,22,19.3,9,24,3.5,14.2,5.3,338.5
VWG28-14,2014,2,0,0,0,0,3,84,11.8,93.8,48.6,22,19.3,9,24,3.5,14.2,5.3,338.5
VWG30-14,2014,2,0,0,0,0,3,84,11.8,93.8,48.6,22,19.3,9,24,3.5,14.2,5.3,338.5
VWG31-14,2014,4,1,1,1,0,3,84,11.8,93.8,48.6,22,19.3,9,24,3.5,14.2,5.3,338.5
VWG32-14,2014,2,0,0,0,0,3,84,11.8,93.8,48.6,22,19.3,9,24,3.5,14.2,5.3,338.5
VWG33-14,2014,2,0,0,0,0,3,84,11.8,93.8,48.6,22,19.3,9,24,3.5,14.2,5.3,338.5
VWG34-14,2014,4,1,1,1,0,3,84,11.8,93.8,48.6,22,19.3,9,24,3.5,14.2,5.3,338.5
VWG35-14,2014,2,0,0,0,0,3,84,11.8,93.8,48.6,22,19.3,9,24,3.5,14.2,5.3,338.5
VWG36-14,2014,3,1,0,1,0,3,84,11.8,93.8,48.6,22,19.3,9,24,3.5,14.2,5.3,338.5
VWG37-14,2014,4,1,1,1,0,3,84,11.8,93.8,48.6,22,19.3,9,24,3.5,14.2,5.3,338.5
VWG38-14,2014,6,1,3,1,0,3,84,11.8,93.8,48.6,22,19.3,9,24,3.5,14.2,5.3,338.5
VWG39-14,2014,3,1,0,1,0,3,84,11.8,93.8,48.6,22,19.3,9,24,3.5,14.2,5.3,338.5
VWG40-14,2014,5,1,3,0,0,3,84,11.8,93.8,48.6,22,19.3,9,24,3.5,14.2,5.3,338.5
VWG41-14,2014,5,1,1,2,1,3,84,11.8,93.8,48.6,22,19.3,9,24,3.5,14.2,5.3,338.5
VWG42-14,2014,2,0,0,0,0,3,84,11.8,93.8,48.6,22,19.3,9,24,3.5,14.2,5.3,338.5
VWG43-14,2014,3,1,0,1,1,3,84,11.8,93.8,48.6,22,19.3,9,24,3.5,14.2,5.3,338.5
VWG44-14,2014,2,0,0,0,0,3,84,11.8,93.8,48.6,22,19.3,9,24,3.5,14.2,5.3,338.5
VWG45-14,2014,3,1,1,0,0,3,84,11.8,93.8,48.6,22,19.3,9,24,3.5,14.2,5.3,338.5
VWG46-14,2014,4,1,1,1,0,3,84,11.8,93.8,48.6,22,19.3,9,24,3.5,14.2,5.3,338.5
VWG47-14,2014,2,0,0,0,0,3,84,11.8,93.8,48.6,22,19.3,9,24,3.5,14.2,5.3,338.5
VWG48-14,2014,2,0,0,0,0,3,84,11.8,93.8,48.6,22,19.3,9,24,3.5,14.2,5.3,338.5
VWG49-14,2014,2,0,0,0,0,3,84,11.8,93.8,48.6,22,19.3,9,24,3.5,14.2,5.3,338.5
VWG51-14,2014,2,0,0,0,0,3,84,11.8,93.8,48.6,22,19.3,9,24,3.5,14.2,5.3,338.5
VWG52-14,2014,2,0,0,0,0,3,84,11.8,93.8,48.6,22,19.3,9,24,3.5,14.2,5.3,338.5
VWG53-14,2014,4,1,1,1,0,3,84,11.8,93.8,48.6,22,19.3,9,24,3.5,14.2,5.3,338.5
VWG54-14,2014,2,0,0,0,0,3,84,11.8,93.8,48.6,22,19.3,9,24,3.5,14.2,5.3,338.5
VWG55-14,2014,2,0,1,0,0,3,84,11.8,93.8,48.6,22,19.3,9,24,3.5,14.2,5.3,338.5
VWG56-14,2014,4,1,2,0,0,3,84,11.8,93.8,48.6,22,19.3,9,24,3.5,14.2,5.3,338.5
VWG57-14,2014,3,1,1,0,0,3,84,11.8,93.8,48.6,22,19.3,9,24,3.5,14.2,5.3,338.5
VWG58-14,2014,4,1,2,0,0,3,84,11.8,93.8,48.6,22,19.3,9,24,3.5,14.2,5.3,338.5
VWG59-14,2014,3,1,0,1,1,3,84,11.8,93.8,48.6,22,19.3,9,24,3.5,14.2,5.3,338.5
VWG60-14,2014,3,1,0,1,0,3,84,11.8,93.8,48.6,22,19.3,9,24,3.5,14.2,5.3,338.5
VWG61-14,2014,2,0,0,0,0,3,84,11.8,93.8,48.6,22,19.3,9,24,3.5,14.2,5.3,338.5
VWG62-14,2014,2,0,0,0,0,3,84,11.8,93.8,48.6,22,19.3,9,24,3.5,14.2,5.3,338.5
VWG63-14,2014,2,0,0,0,0,3,84,11.8,93.8,48.6,22,19.3,9,24,3.5,14.2,5.3,338.5
VWG65-14,2014,5,1,2,1,0,3,84,11.8,93.8,48.6,22,19.3,9,24,3.5,14.2,5.3,338.5
VWG66-14,2014,2,0,0,0,0,3,84,11.8,93.8,48.6,22,19.3,9,24,3.5,14.2,5.3,338.5
VWG67-14,2014,3,1,0,1,0,3,84,11.8,93.8,48.6,22,19.3,9,24,3.5,14.2,5.3,338.5
VWG68-14,2014,4,1,1,1,0,3,84,11.8,93.8,48.6,22,19.3,9,24,3.5,14.2,5.3,338.5
VWG69-14,2014,4,1,2,0,0,3,84,11.8,93.8,48.6,22,19.3,9,24,3.5,14.2,5.3,338.5
VWG70-14,2014,4,1,0,2,1,3,84,11.8,93.8,48.6,22,19.3,9,24,3.5,14.2,5.3,338.5
VWG71-14,2014,3,1,0,1,0,3,84,11.8,93.8,48.6,22,19.3,9,24,3.5,14.2,5.3,338.5
VWG14B-14,2014,3,1,0,1,0,3,84,11.8,93.8,48.6,22,19.3,9,24,3.5,14.2,5.3,338.5
VWG41B-14,2014,3,1,0,1,0,3,84,11.8,93.8,48.6,22,19.3,9,24,3.5,14.2,5.3,338.5
VWG01-15,2015,2,0,0,0,0,79,0,4.8,52.7,21.6,15.2,10.2,41,17.1,6,28.5,2.7,278.8
VWG02-15,2015,2,0,0,0,0,79,0,4.8,52.7,21.6,15.2,10.2,41,17.1,6,28.5,2.7,278.8
VWG03-15,2015,4,1,1,1,0,79,0,4.8,52.7,21.6,15.2,10.2,41,17.1,6,28.5,2.7,278.8
VWG04-15,2015,3,1,1,0,0,79,0,4.8,52.7,21.6,15.2,10.2,41,17.1,6,28.5,2.7,278.8
VWG05-15,2015,5,1,2,1,1,79,0,4.8,52.7,21.6,15.2,10.2,41,17.1,6,28.5,2.7,278.8
VWG06-15,2015,5,1,2,1,0,79,0,4.8,52.7,21.6,15.2,10.2,41,17.1,6,28.5,2.7,278.8
VWG07-15,2015,2,0,0,0,0,79,0,4.8,52.7,21.6,15.2,10.2,41,17.1,6,28.5,2.7,278.8
VWG08-15,2015,2,0,0,0,0,79,0,4.8,52.7,21.6,15.2,10.2,41,17.1,6,28.5,2.7,278.8
VWG09-15,2015,2,0,0,0,0,79,0,4.8,52.7,21.6,15.2,10.2,41,17.1,6,28.5,2.7,278.8
VWG10-15,2015,3,1,1,0,0,79,0,4.8,52.7,21.6,15.2,10.2,41,17.1,6,28.5,2.7,278.8
VWG11-15,2015,2,0,0,0,0,79,0,4.8,52.7,21.6,15.2,10.2,41,17.1,6,28.5,2.7,278.8
VWG12-15,2015,3,1,0,1,1,79,0,4.8,52.7,21.6,15.2,10.2,41,17.1,6,28.5,2.7,278.8
VWG13-15,2015,3,1,0,1,0,79,0,4.8,52.7,21.6,15.2,10.2,41,17.1,6,28.5,2.7,278.8
VWG14B-15,2015,5,1,1,2,0,79,0,4.8,52.7,21.6,15.2,10.2,41,17.1,6,28.5,2.7,278.8
VWG14-15,2015,4,1,2,0,0,79,0,4.8,52.7,21.6,15.2,10.2,41,17.1,6,28.5,2.7,278.8
VWG15-15,2015,4,1,1,1,0,79,0,4.8,52.7,21.6,15.2,10.2,41,17.1,6,28.5,2.7,278.8
VWG16-15,2015,4,1,1,1,0,79,0,4.8,52.7,21.6,15.2,10.2,41,17.1,6,28.5,2.7,278.8
VWG17-15,2015,2,0,0,0,0,79,0,4.8,52.7,21.6,15.2,10.2,41,17.1,6,28.5,2.7,278.8
VWG19-15,2015,5,1,2,1,0,79,0,4.8,52.7,21.6,15.2,10.2,41,17.1,6,28.5,2.7,278.8
VWG20-15,2015,3,1,0,1,0,79,0,4.8,52.7,21.6,15.2,10.2,41,17.1,6,28.5,2.7,278.8
VWG21-15,2015,3,1,0,1,0,79,0,4.8,52.7,21.6,15.2,10.2,41,17.1,6,28.5,2.7,278.8
VWG22-15,2015,2,0,0,0,0,79,0,4.8,52.7,21.6,15.2,10.2,41,17.1,6,28.5,2.7,278.8
VWG23-15,2015,2,0,0,0,0,79,0,4.8,52.7,21.6,15.2,10.2,41,17.1,6,28.5,2.7,278.8
VWG24-15,2015,3,1,1,0,0,79,0,4.8,52.7,21.6,15.2,10.2,41,17.1,6,28.5,2.7,278.8
VWG25-15,2015,2,0,0,0,0,79,0,4.8,52.7,21.6,15.2,10.2,41,17.1,6,28.5,2.7,278.8
VWG26-15,2015,3,1,1,0,0,79,0,4.8,52.7,21.6,15.2,10.2,41,17.1,6,28.5,2.7,278.8
VWG27-15,2015,4,1,1,1,0,79,0,4.8,52.7,21.6,15.2,10.2,41,17.1,6,28.5,2.7,278.8
VWG28-15,2015,3,1,0,1,0,79,0,4.8,52.7,21.6,15.2,10.2,41,17.1,6,28.5,2.7,278.8
VWG29-15,2015,4,1,1,1,0,79,0,4.8,52.7,21.6,15.2,10.2,41,17.1,6,28.5,2.7,278.8
VWG30-15,2015,2,0,0,0,0,79,0,4.8,52.7,21.6,15.2,10.2,41,17.1,6,28.5,2.7,278.8
VWG31-15,2015,4,1,1,1,1,79,0,4.8,52.7,21.6,15.2,10.2,41,17.1,6,28.5,2.7,278.8
VWG32-15,2015,2,0,0,0,0,79,0,4.8,52.7,21.6,15.2,10.2,41,17.1,6,28.5,2.7,278.8
VWG33-15,2015,3,1,1,0,0,79,0,4.8,52.7,21.6,15.2,10.2,41,17.1,6,28.5,2.7,278.8
VWG34-15,2015,5,1,2,1,0,79,0,4.8,52.7,21.6,15.2,10.2,41,17.1,6,28.5,2.7,278.8
VWG35-15,2015,2,0,0,0,0,79,0,4.8,52.7,21.6,15.2,10.2,41,17.1,6,28.5,2.7,278.8
VWG36-15,2015,4,1,1,1,0,79,0,4.8,52.7,21.6,15.2,10.2,41,17.1,6,28.5,2.7,278.8
VWG38-15,2015,3,1,1,0,0,79,0,4.8,52.7,21.6,15.2,10.2,41,17.1,6,28.5,2.7,278.8
VWG39-15,2015,3,1,1,0,0,79,0,4.8,52.7,21.6,15.2,10.2,41,17.1,6,28.5,2.7,278.8
VWG40-15,2015,8,1,4,2,0,79,0,4.8,52.7,21.6,15.2,10.2,41,17.1,6,28.5,2.7,278.8
VWG41-15,2015,7,1,2,3,0,79,0,4.8,52.7,21.6,15.2,10.2,41,17.1,6,28.5,2.7,278.8
VWG41B-15,2015,2,0,0,0,0,79,0,4.8,52.7,21.6,15.2,10.2,41,17.1,6,28.5,2.7,278.8
VWG42-15,2015,4,1,1,1,0,79,0,4.8,52.7,21.6,15.2,10.2,41,17.1,6,28.5,2.7,278.8
VWG43-15,2015,3,1,1,0,0,79,0,4.8,52.7,21.6,15.2,10.2,41,17.1,6,28.5,2.7,278.8
VWG44-15,2015,4,1,2,0,0,79,0,4.8,52.7,21.6,15.2,10.2,41,17.1,6,28.5,2.7,278.8
VWG45-15,2015,4,1,1,1,0,79,0,4.8,52.7,21.6,15.2,10.2,41,17.1,6,28.5,2.7,278.8
VWG46-15,2015,6,1,2,2,0,79,0,4.8,52.7,21.6,15.2,10.2,41,17.1,6,28.5,2.7,278.8
VWG47-15,2015,4,1,1,1,0,79,0,4.8,52.7,21.6,15.2,10.2,41,17.1,6,28.5,2.7,278.8
VWG48-15,2015,5,1,2,1,0,79,0,4.8,52.7,21.6,15.2,10.2,41,17.1,6,28.5,2.7,278.8
VWG49-15,2015,3,1,1,0,0,79,0,4.8,52.7,21.6,15.2,10.2,41,17.1,6,28.5,2.7,278.8
VWG50-15,2015,3,1,1,0,0,79,0,4.8,52.7,21.6,15.2,10.2,41,17.1,6,28.5,2.7,278.8
VWG51-15,2015,2,0,0,0,0,79,0,4.8,52.7,21.6,15.2,10.2,41,17.1,6,28.5,2.7,278.8
VWG52-15,2015,2,0,0,0,0,79,0,4.8,52.7,21.6,15.2,10.2,41,17.1,6,28.5,2.7,278.8
VWG53-15,2015,3,1,1,0,0,79,0,4.8,52.7,21.6,15.2,10.2,41,17.1,6,28.5,2.7,278.8
VWG54-15,2015,3,1,1,0,0,79,0,4.8,52.7,21.6,15.2,10.2,41,17.1,6,28.5,2.7,278.8
VWG55-15,2015,3,1,1,0,0,79,0,4.8,52.7,21.6,15.2,10.2,41,17.1,6,28.5,2.7,278.8
VWG56-15,2015,3,1,1,0,0,79,0,4.8,52.7,21.6,15.2,10.2,41,17.1,6,28.5,2.7,278.8
VWG57-15,2015,3,1,1,0,0,79,0,4.8,52.7,21.6,15.2,10.2,41,17.1,6,28.5,2.7,278.8
VWG58-15,2015,4,1,2,0,0,79,0,4.8,52.7,21.6,15.2,10.2,41,17.1,6,28.5,2.7,278.8
VWG59-15,2015,4,1,1,1,0,79,0,4.8,52.7,21.6,15.2,10.2,41,17.1,6,28.5,2.7,278.8
VWG60-15,2015,5,1,2,1,0,79,0,4.8,52.7,21.6,15.2,10.2,41,17.1,6,28.5,2.7,278.8
VWG61-15,2015,2,0,0,0,0,79,0,4.8,52.7,21.6,15.2,10.2,41,17.1,6,28.5,2.7,278.8
VWG62-15,2015,5,1,2,1,0,79,0,4.8,52.7,21.6,15.2,10.2,41,17.1,6,28.5,2.7,278.8
VWG63-15,2015,3,1,1,0,0,79,0,4.8,52.7,21.6,15.2,10.2,41,17.1,6,28.5,2.7,278.8
VWG64-15,2015,4,1,2,0,0,79,0,4.8,52.7,21.6,15.2,10.2,41,17.1,6,28.5,2.7,278.8
VWG65-15,2015,3,1,1,0,0,79,0,4.8,52.7,21.6,15.2,10.2,41,17.1,6,28.5,2.7,278.8
VWG66-15,2015,3,1,0,1,0,79,0,4.8,52.7,21.6,15.2,10.2,41,17.1,6,28.5,2.7,278.8
VWG71-15,2015,6,1,3,1,0,79,0,4.8,52.7,21.6,15.2,10.2,41,17.1,6,28.5,2.7,278.8
VWG72-15,2015,2,0,0,0,0,79,0,4.8,52.7,21.6,15.2,10.2,41,17.1,6,28.5,2.7,278.8
VWG24B-15,2015,3,1,1,0,0,79,0,4.8,52.7,21.6,15.2,10.2,41,17.1,6,28.5,2.7,278.8
VWG32B-15,2015,6,1,3,1,0,79,0,4.8,52.7,21.6,15.2,10.2,41,17.1,6,28.5,2.7,278.8
VWG65B-15,2015,4,1,0,2,0,79,0,4.8,52.7,21.6,15.2,10.2,41,17.1,6,28.5,2.7,278.8
VWG30B-15,2015,2,0,0,0,0,79,0,4.8,52.7,21.6,15.2,10.2,41,17.1,6,28.5,2.7,278.8
VWG99-15,2015,2,0,0,0,0,79,0,4.8,52.7,21.6,15.2,10.2,41,17.1,6,28.5,2.7,278.8
VWG01-17,2017,5,1,1,2,0,32.5,41.3,1.9,33.6,17.5,8.7,24.4,31,4.6,15.5,36.7,11.5,259.2
VWG02-17,2017,5,1,2,1,0,32.5,41.3,1.9,33.6,17.5,8.7,24.4,31,4.6,15.5,36.7,11.5,259.2
VWG03-17,2017,5,1,3,0,0,32.5,41.3,1.9,33.6,17.5,8.7,24.4,31,4.6,15.5,36.7,11.5,259.2
VWG04-17,2017,5,1,4,-1,0,32.5,41.3,1.9,33.6,17.5,8.7,24.4,31,4.6,15.5,36.7,11.5,259.2
VWG05-17,2017,5,1,5,-2,0,32.5,41.3,1.9,33.6,17.5,8.7,24.4,31,4.6,15.5,36.7,11.5,259.2
VWG08-17,2017,5,1,6,-3,0,32.5,41.3,1.9,33.6,17.5,8.7,24.4,31,4.6,15.5,36.7,11.5,259.2
VWG09-17,2017,5,1,7,-4,0,32.5,41.3,1.9,33.6,17.5,8.7,24.4,31,4.6,15.5,36.7,11.5,259.2
VWG9B-17,2017,5,1,8,-5,0,32.5,41.3,1.9,33.6,17.5,8.7,24.4,31,4.6,15.5,36.7,11.5,259.2
VWG11-17,2017,5,1,9,-6,0,32.5,41.3,1.9,33.6,17.5,8.7,24.4,31,4.6,15.5,36.7,11.5,259.2
VWG11B-17,2017,5,1,10,-7,0,32.5,41.3,1.9,33.6,17.5,8.7,24.4,31,4.6,15.5,36.7,11.5,259.2
VWG12-17,2017,5,1,11,-8,0,32.5,41.3,1.9,33.6,17.5,8.7,24.4,31,4.6,15.5,36.7,11.5,259.2
VWG14-17,2017,5,1,12,-9,0,32.5,41.3,1.9,33.6,17.5,8.7,24.4,31,4.6,15.5,36.7,11.5,259.2
VWG15-17,2017,5,1,13,-10,0,32.5,41.3,1.9,33.6,17.5,8.7,24.4,31,4.6,15.5,36.7,11.5,259.2
VWG16-17,2017,5,1,14,-11,0,32.5,41.3,1.9,33.6,17.5,8.7,24.4,31,4.6,15.5,36.7,11.5,259.2
VWG17-17,2017,5,1,15,-12,0,32.5,41.3,1.9,33.6,17.5,8.7,24.4,31,4.6,15.5,36.7,11.5,259.2
VWG20-17,2017,5,1,16,-13,0,32.5,41.3,1.9,33.6,17.5,8.7,24.4,31,4.6,15.5,36.7,11.5,259.2
VWG21-17,2017,5,1,17,-14,0,32.5,41.3,1.9,33.6,17.5,8.7,24.4,31,4.6,15.5,36.7,11.5,259.2
VWG22-17,2017,5,1,18,-15,0,32.5,41.3,1.9,33.6,17.5,8.7,24.4,31,4.6,15.5,36.7,11.5,259.2
VWG23-17,2017,5,1,19,-16,0,32.5,41.3,1.9,33.6,17.5,8.7,24.4,31,4.6,15.5,36.7,11.5,259.2
VWG25-17,2017,5,1,20,-17,0,32.5,41.3,1.9,33.6,17.5,8.7,24.4,31,4.6,15.5,36.7,11.5,259.2
VWG26-17,2017,5,1,21,-18,0,32.5,41.3,1.9,33.6,17.5,8.7,24.4,31,4.6,15.5,36.7,11.5,259.2
VWG27-17,2017,5,1,22,-19,0,32.5,41.3,1.9,33.6,17.5,8.7,24.4,31,4.6,15.5,36.7,11.5,259.2
VWG28-17,2017,5,1,23,-20,0,32.5,41.3,1.9,33.6,17.5,8.7,24.4,31,4.6,15.5,36.7,11.5,259.2
VWG29-17,2017,5,1,24,-21,0,32.5,41.3,1.9,33.6,17.5,8.7,24.4,31,4.6,15.5,36.7,11.5,259.2
VWG30-17,2017,5,1,25,-22,0,32.5,41.3,1.9,33.6,17.5,8.7,24.4,31,4.6,15.5,36.7,11.5,259.2
VWG31-17,2017,5,1,26,-23,0,32.5,41.3,1.9,33.6,17.5,8.7,24.4,31,4.6,15.5,36.7,11.5,259.2
VWG32-17,2017,5,1,27,-24,0,32.5,41.3,1.9,33.6,17.5,8.7,24.4,31,4.6,15.5,36.7,11.5,259.2
VWG32B-17,2017,5,1,28,-25,0,32.5,41.3,1.9,33.6,17.5,8.7,24.4,31,4.6,15.5,36.7,11.5,259.2
VWG33-17,2017,5,1,29,-26,0,32.5,41.3,1.9,33.6,17.5,8.7,24.4,31,4.6,15.5,36.7,11.5,259.2
VWG34-17,2017,5,1,30,-27,0,32.5,41.3,1.9,33.6,17.5,8.7,24.4,31,4.6,15.5,36.7,11.5,259.2
VWG35-17,2017,5,1,31,-28,0,32.5,41.3,1.9,33.6,17.5,8.7,24.4,31,4.6,15.5,36.7,11.5,259.2
VWG36-17,2017,5,1,32,-29,0,32.5,41.3,1.9,33.6,17.5,8.7,24.4,31,4.6,15.5,36.7,11.5,259.2
VWG37-17,2017,5,1,33,-30,0,32.5,41.3,1.9,33.6,17.5,8.7,24.4,31,4.6,15.5,36.7,11.5,259.2
VWG38-17,2017,5,1,34,-31,0,32.5,41.3,1.9,33.6,17.5,8.7,24.4,31,4.6,15.5,36.7,11.5,259.2
VWG39-17,2017,5,1,35,-32,0,32.5,41.3,1.9,33.6,17.5,8.7,24.4,31,4.6,15.5,36.7,11.5,259.2
VWG40-17,2017,5,1,36,-33,0,32.5,41.3,1.9,33.6,17.5,8.7,24.4,31,4.6,15.5,36.7,11.5,259.2
VWG41-17,2017,5,1,37,-34,0,32.5,41.3,1.9,33.6,17.5,8.7,24.4,31,4.6,15.5,36.7,11.5,259.2
VWG43-17,2017,5,1,38,-35,0,32.5,41.3,1.9,33.6,17.5,8.7,24.4,31,4.6,15.5,36.7,11.5,259.2
VWG44-17,2017,5,1,39,-36,0,32.5,41.3,1.9,33.6,17.5,8.7,24.4,31,4.6,15.5,36.7,11.5,259.2
VWG45-17,2017,5,1,40,-37,0,32.5,41.3,1.9,33.6,17.5,8.7,24.4,31,4.6,15.5,36.7,11.5,259.2
VWG46-17,2017,5,1,41,-38,0,32.5,41.3,1.9,33.6,17.5,8.7,24.4,31,4.6,15.5,36.7,11.5,259.2
VWG47-17,2017,5,1,42,-39,0,32.5,41.3,1.9,33.6,17.5,8.7,24.4,31,4.6,15.5,36.7,11.5,259.2
VWG48-17,2017,5,1,43,-40,0,32.5,41.3,1.9,33.6,17.5,8.7,24.4,31,4.6,15.5,36.7,11.5,259.2
VWG51-17,2017,5,1,44,-41,0,32.5,41.3,1.9,33.6,17.5,8.7,24.4,31,4.6,15.5,36.7,11.5,259.2
VWG52-17,2017,5,1,45,-42,0,32.5,41.3,1.9,33.6,17.5,8.7,24.4,31,4.6,15.5,36.7,11.5,259.2
VWG53-17,2017,5,1,46,-43,0,32.5,41.3,1.9,33.6,17.5,8.7,24.4,31,4.6,15.5,36.7,11.5,259.2
VWG54-17,2017,5,1,47,-44,0,32.5,41.3,1.9,33.6,17.5,8.7,24.4,31,4.6,15.5,36.7,11.5,259.2
VWG55-17,2017,5,1,48,-45,0,32.5,41.3,1.9,33.6,17.5,8.7,24.4,31,4.6,15.5,36.7,11.5,259.2
VWG56-17,2017,5,1,49,-46,0,32.5,41.3,1.9,33.6,17.5,8.7,24.4,31,4.6,15.5,36.7,11.5,259.2
VWG57-17,2017,5,1,50,-47,0,32.5,41.3,1.9,33.6,17.5,8.7,24.4,31,4.6,15.5,36.7,11.5,259.2
VWG58-17,2017,5,1,51,-48,0,32.5,41.3,1.9,33.6,17.5,8.7,24.4,31,4.6,15.5,36.7,11.5,259.2
VWG59-17,2017,5,1,52,-49,0,32.5,41.3,1.9,33.6,17.5,8.7,24.4,31,4.6,15.5,36.7,11.5,259.2
VWG60-17,2017,5,1,53,-50,0,32.5,41.3,1.9,33.6,17.5,8.7,24.4,31,4.6,15.5,36.7,11.5,259.2
VWG62-17,2017,5,1,54,-51,0,32.5,41.3,1.9,33.6,17.5,8.7,24.4,31,4.6,15.5,36.7,11.5,259.2
VWG63-17,2017,5,1,55,-52,0,32.5,41.3,1.9,33.6,17.5,8.7,24.4,31,4.6,15.5,36.7,11.5,259.2
VWG64-17,2017,5,1,56,-53,0,32.5,41.3,1.9,33.6,17.5,8.7,24.4,31,4.6,15.5,36.7,11.5,259.2
VWG65-17,2017,5,1,57,-54,0,32.5,41.3,1.9,33.6,17.5,8.7,24.4,31,4.6,15.5,36.7,11.5,259.2
VWG66-17,2017,5,1,58,-55,0,32.5,41.3,1.9,33.6,17.5,8.7,24.4,31,4.6,15.5,36.7,11.5,259.2
VWG67-17,2017,5,1,59,-56,0,32.5,41.3,1.9,33.6,17.5,8.7,24.4,31,4.6,15.5,36.7,11.5,259.2
VWG68-17,2017,5,1,60,-57,0,32.5,41.3,1.9,33.6,17.5,8.7,24.4,31,4.6,15.5,36.7,11.5,259.2
VWG70-17,2017,5,1,61,-58,0,32.5,41.3,1.9,33.6,17.5,8.7,24.4,31,4.6,15.5,36.7,11.5,259.2
VWG72-17,2017,5,1,62,-59,0,32.5,41.3,1.9,33.6,17.5,8.7,24.4,31,4.6,15.5,36.7,11.5,259.2
VWG73-17,2017,5,1,63,-60,0,32.5,41.3,1.9,33.6,17.5,8.7,24.4,31,4.6,15.5,36.7,11.5,259.2
VWG74-17,2017,5,1,64,-61,0,32.5,41.3,1.9,33.6,17.5,8.7,24.4,31,4.6,15.5,36.7,11.5,259.2
VWG75-17,2017,5,1,65,-62,0,32.5,41.3,1.9,33.6,17.5,8.7,24.4,31,4.6,15.5,36.7,11.5,259.2
VWG76-17,2017,5,1,66,-63,0,32.5,41.3,1.9,33.6,17.5,8.7,24.4,31,4.6,15.5,36.7,11.5,259.2
VWG77-17,2017,5,1,67,-64,0,32.5,41.3,1.9,33.6,17.5,8.7,24.4,31,4.6,15.5,36.7,11.5,259.2
VWG78-17,2017,5,1,68,-65,0,32.5,41.3,1.9,33.6,17.5,8.7,24.4,31,4.6,15.5,36.7,11.5,259.2
VWG79-17,2017,5,1,69,-66,0,32.5,41.3,1.9,33.6,17.5,8.7,24.4,31,4.6,15.5,36.7,11.5,259.2
VWG80-17,2017,5,1,70,-67,0,32.5,41.3,1.9,33.6,17.5,8.7,24.4,31,4.6,15.5,36.7,11.5,259.2
VWG81-17,2017,5,1,71,-68,0,32.5,41.3,1.9,33.6,17.5,8.7,24.4,31,4.6,15.5,36.7,11.5,259.2
VWG84-17,2017,5,1,72,-69,0,32.5,41.3,1.9,33.6,17.5,8.7,24.4,31,4.6,15.5,36.7,11.5,259.2
VWG85-17,2017,5,1,73,-70,0,32.5,41.3,1.9,33.6,17.5,8.7,24.4,31,4.6,15.5,36.7,11.5,259.2
VWG86-17,2017,5,1,74,-71,0,32.5,41.3,1.9,33.6,17.5,8.7,24.4,31,4.6,15.5,36.7,11.5,259.2
VWGE1-17,2017,5,1,75,-72,0,32.5,41.3,1.9,33.6,17.5,8.7,24.4,31,4.6,15.5,36.7,11.5,259.2
PWG01-18,2018,3,1,1,0,0,8.5,3,11,1,28.5,8.2,8.4,26,4,1.4,29.2,12.5,141.7
PWG02-18,2018,2,0,0,0,0,8.5,3,11,1,28.5,8.2,8.4,26,4,1.4,29.2,12.5,141.7
PWG03,2018,3,1,1,0,0,8.5,3,11,1,28.5,8.2,8.4,26,4,1.4,29.2,12.5,141.7
PWG04,2018,2,0,0,0,0,8.5,3,11,1,28.5,8.2,8.4,26,4,1.4,29.2,12.5,141.7
PWG05,2018,6,1,3,1,1,8.5,3,11,1,28.5,8.2,8.4,26,4,1.4,29.2,12.5,141.7
PWG07,2018,4,1,2,0,0,8.5,3,11,1,28.5,8.2,8.4,26,4,1.4,29.2,12.5,141.7
PWG08,2018,2,0,0,0,0,8.5,3,11,1,28.5,8.2,8.4,26,4,1.4,29.2,12.5,141.7
PWG09,2018,5,1,1,2,0,8.5,3,11,1,28.5,8.2,8.4,26,4,1.4,29.2,12.5,141.7
PWG11,2018,2,0,0,0,0,8.5,3,11,1,28.5,8.2,8.4,26,4,1.4,29.2,12.5,141.7
PWG11B,2018,2,0,0,0,0,8.5,3,11,1,28.5,8.2,8.4,26,4,1.4,29.2,12.5,141.7
PWG12,2018,2,0,0,0,0,8.5,3,11,1,28.5,8.2,8.4,26,4,1.4,29.2,12.5,141.7
PWG13,2018,2,0,0,0,0,8.5,3,11,1,28.5,8.2,8.4,26,4,1.4,29.2,12.5,141.7
PWG14,2018,3,1,1,0,0,8.5,3,11,1,28.5,8.2,8.4,26,4,1.4,29.2,12.5,141.7
PWG15,2018,4,1,1,1,0,8.5,3,11,1,28.5,8.2,8.4,26,4,1.4,29.2,12.5,141.7
PWG16,2018,4,1,1,1,0,8.5,3,11,1,28.5,8.2,8.4,26,4,1.4,29.2,12.5,141.7
PWG17,2018,3,1,1,0,0,8.5,3,11,1,28.5,8.2,8.4,26,4,1.4,29.2,12.5,141.7
PWG20,2018,3,1,0,1,0,8.5,3,11,1,28.5,8.2,8.4,26,4,1.4,29.2,12.5,141.7
PWG21,2018,3,1,1,0,0,8.5,3,11,1,28.5,8.2,8.4,26,4,1.4,29.2,12.5,141.7
PWG25,2018,2,0,0,0,0,8.5,3,11,1,28.5,8.2,8.4,26,4,1.4,29.2,12.5,141.7
PWG26,2018,5,1,3,0,0,8.5,3,11,1,28.5,8.2,8.4,26,4,1.4,29.2,12.5,141.7
PWG29,2018,2,0,0,0,0,8.5,3,11,1,28.5,8.2,8.4,26,4,1.4,29.2,12.5,141.7
PWG30,2018,2,0,0,0,0,8.5,3,11,1,28.5,8.2,8.4,26,4,1.4,29.2,12.5,141.7
PWG32,2018,2,0,0,0,0,8.5,3,11,1,28.5,8.2,8.4,26,4,1.4,29.2,12.5,141.7
PWG32B,2018,5,1,2,1,0,8.5,3,11,1,28.5,8.2,8.4,26,4,1.4,29.2,12.5,141.7
PWG32C,2018,2,0,0,0,0,8.5,3,11,1,28.5,8.2,8.4,26,4,1.4,29.2,12.5,141.7
PWG33,2018,3,1,1,0,0,8.5,3,11,1,28.5,8.2,8.4,26,4,1.4,29.2,12.5,141.7
PWG34,2018,3,1,1,0,0,8.5,3,11,1,28.5,8.2,8.4,26,4,1.4,29.2,12.5,141.7
PWG35,2018,2,0,0,0,0,8.5,3,11,1,28.5,8.2,8.4,26,4,1.4,29.2,12.5,141.7
PWG36,2018,4,1,1,1,0,8.5,3,11,1,28.5,8.2,8.4,26,4,1.4,29.2,12.5,141.7
PWG37,2018,2,0,0,0,0,8.5,3,11,1,28.5,8.2,8.4,26,4,1.4,29.2,12.5,141.7
PWG38,2018,3,1,0,1,0,8.5,3,11,1,28.5,8.2,8.4,26,4,1.4,29.2,12.5,141.7
PWG39,2018,4,1,2,0,0,8.5,3,11,1,28.5,8.2,8.4,26,4,1.4,29.2,12.5,141.7
PWG40,2018,6,1,3,1,0,8.5,3,11,1,28.5,8.2,8.4,26,4,1.4,29.2,12.5,141.7
PWG41,2018,2,0,0,0,0,8.5,3,11,1,28.5,8.2,8.4,26,4,1.4,29.2,12.5,141.7
PWG42,2018,2,0,0,0,0,8.5,3,11,1,28.5,8.2,8.4,26,4,1.4,29.2,12.5,141.7
PWG44,2018,4,1,1,1,0,8.5,3,11,1,28.5,8.2,8.4,26,4,1.4,29.2,12.5,141.7
PWG45,2018,2,0,0,0,0,8.5,3,11,1,28.5,8.2,8.4,26,4,1.4,29.2,12.5,141.7
PWG47,2018,4,1,1,1,0,8.5,3,11,1,28.5,8.2,8.4,26,4,1.4,29.2,12.5,141.7
PWG48,2018,4,1,1,1,0,8.5,3,11,1,28.5,8.2,8.4,26,4,1.4,29.2,12.5,141.7
PWG51,2018,3,1,1,0,0,8.5,3,11,1,28.5,8.2,8.4,26,4,1.4,29.2,12.5,141.7
PWG52,2018,2,0,0,0,0,8.5,3,11,1,28.5,8.2,8.4,26,4,1.4,29.2,12.5,141.7
PWG54,2018,3,1,1,0,0,8.5,3,11,1,28.5,8.2,8.4,26,4,1.4,29.2,12.5,141.7
PWG58,2018,3,1,0,1,0,8.5,3,11,1,28.5,8.2,8.4,26,4,1.4,29.2,12.5,141.7
PWG59,2018,3,1,1,0,0,8.5,3,11,1,28.5,8.2,8.4,26,4,1.4,29.2,12.5,141.7
PWG62B,2018,5,1,2,1,0,8.5,3,11,1,28.5,8.2,8.4,26,4,1.4,29.2,12.5,141.7
PWG63,2018,2,0,0,0,0,8.5,3,11,1,28.5,8.2,8.4,26,4,1.4,29.2,12.5,141.7
PWG64,2018,2,0,0,0,0,8.5,3,11,1,28.5,8.2,8.4,26,4,1.4,29.2,12.5,141.7
PWG66,2018,4,1,1,1,0,8.5,3,11,1,28.5,8.2,8.4,26,4,1.4,29.2,12.5,141.7
PWG71,2018,4,1,1,1,0,8.5,3,11,1,28.5,8.2,8.4,26,4,1.4,29.2,12.5,141.7
PWG72,2018,2,0,0,0,0,8.5,3,11,1,28.5,8.2,8.4,26,4,1.4,29.2,12.5,141.7
PWG73,2018,4,1,1,1,0,8.5,3,11,1,28.5,8.2,8.4,26,4,1.4,29.2,12.5,141.7
PWG74,2018,2,0,0,0,0,8.5,3,11,1,28.5,8.2,8.4,26,4,1.4,29.2,12.5,141.7
PWG76,2018,3,1,1,0,0,8.5,3,11,1,28.5,8.2,8.4,26,4,1.4,29.2,12.5,141.7
PWG77,2018,3,1,1,0,0,8.5,3,11,1,28.5,8.2,8.4,26,4,1.4,29.2,12.5,141.7
PWG79,2018,4,1,1,1,0,8.5,3,11,1,28.5,8.2,8.4,26,4,1.4,29.2,12.5,141.7
PWG80,2018,3,1,1,0,0,8.5,3,11,1,28.5,8.2,8.4,26,4,1.4,29.2,12.5,141.7
PWG81,2018,7,1,2,3,0,8.5,3,11,1,28.5,8.2,8.4,26,4,1.4,29.2,12.5,141.7
PWG82,2018,3,1,1,0,0,8.5,3,11,1,28.5,8.2,8.4,26,4,1.4,29.2,12.5,141.7
PWG83,2018,2,0,0,0,0,8.5,3,11,1,28.5,8.2,8.4,26,4,1.4,29.2,12.5,141.7
PWG84,2018,2,0,0,0,0,8.5,3,11,1,28.5,8.2,8.4,26,4,1.4,29.2,12.5,141.7
PWG86,2018,4,1,1,1,0,8.5,3,11,1,28.5,8.2,8.4,26,4,1.4,29.2,12.5,141.7
PWG87,2018,3,1,1,0,0,8.5,3,11,1,28.5,8.2,8.4,26,4,1.4,29.2,12.5,141.7
PWG01-19,2019,2,0,0,0,0,0.5,13,4,3,28,32.5,18.7,8.1,15,3.1,24.6,0.6,151.1
PWG02-19,2019,2,0,0,0,0,0.5,13,4,3,28,32.5,18.7,8.1,15,3.1,24.6,0.6,151.1
PWG03-19,2019,3,1,1,0,0,0.5,13,4,3,28,32.5,18.7,8.1,15,3.1,24.6,0.6,151.1
PWG04-19,2019,2,0,0,0,0,0.5,13,4,3,28,32.5,18.7,8.1,15,3.1,24.6,0.6,151.1
PWG05-19,2019,5,1,3,0,0,0.5,13,4,3,28,32.5,18.7,8.1,15,3.1,24.6,0.6,151.1
PWG07-19,2019,5,1,2,1,0,0.5,13,4,3,28,32.5,18.7,8.1,15,3.1,24.6,0.6,151.1
PWG09-19,2019,4,1,1,1,0,0.5,13,4,3,28,32.5,18.7,8.1,15,3.1,24.6,0.6,151.1
PWG11-19,2019,3,1,0,1,0,0.5,13,4,3,28,32.5,18.7,8.1,15,3.1,24.6,0.6,151.1
PWG13-19,2019,2,0,0,0,0,0.5,13,4,3,28,32.5,18.7,8.1,15,3.1,24.6,0.6,151.1
PWG14-19,2019,2,0,0,0,0,0.5,13,4,3,28,32.5,18.7,8.1,15,3.1,24.6,0.6,151.1
PWG15-19,2019,3,1,1,0,0,0.5,13,4,3,28,32.5,18.7,8.1,15,3.1,24.6,0.6,151.1
PWG16-19,2019,2,0,0,0,0,0.5,13,4,3,28,32.5,18.7,8.1,15,3.1,24.6,0.6,151.1
PWG17-19,2019,2,0,0,0,0,0.5,13,4,3,28,32.5,18.7,8.1,15,3.1,24.6,0.6,151.1
PWG19-19,2019,2,0,0,0,0,0.5,13,4,3,28,32.5,18.7,8.1,15,3.1,24.6,0.6,151.1
PWG20-19,2019,2,0,0,0,0,0.5,13,4,3,28,32.5,18.7,8.1,15,3.1,24.6,0.6,151.1
PWG21-19,2019,3,1,1,0,0,0.5,13,4,3,28,32.5,18.7,8.1,15,3.1,24.6,0.6,151.1
PWG25-19,2019,4,1,1,1,0,0.5,13,4,3,28,32.5,18.7,8.1,15,3.1,24.6,0.6,151.1
PWG26-19,2019,2,0,0,0,0,0.5,13,4,3,28,32.5,18.7,8.1,15,3.1,24.6,0.6,151.1
PWG27-19,2019,2,0,0,0,0,0.5,13,4,3,28,32.5,18.7,8.1,15,3.1,24.6,0.6,151.1
PWG28-19,2019,2,0,0,0,0,0.5,13,4,3,28,32.5,18.7,8.1,15,3.1,24.6,0.6,151.1
PWG29-19,2019,2,0,0,0,0,0.5,13,4,3,28,32.5,18.7,8.1,15,3.1,24.6,0.6,151.1
PWG30-19,2019,2,0,0,0,0,0.5,13,4,3,28,32.5,18.7,8.1,15,3.1,24.6,0.6,151.1
PWG31-19,2019,2,0,0,0,0,0.5,13,4,3,28,32.5,18.7,8.1,15,3.1,24.6,0.6,151.1
PWG32-19,2019,2,0,0,0,0,0.5,13,4,3,28,32.5,18.7,8.1,15,3.1,24.6,0.6,151.1
PWG34-19,2019,3,1,1,0,0,0.5,13,4,3,28,32.5,18.7,8.1,15,3.1,24.6,0.6,151.1
PWG35-19,2019,2,0,0,0,0,0.5,13,4,3,28,32.5,18.7,8.1,15,3.1,24.6,0.6,151.1
PWG36-19,2019,3,1,1,0,0,0.5,13,4,3,28,32.5,18.7,8.1,15,3.1,24.6,0.6,151.1
PWG37-19,2019,4,1,2,0,0,0.5,13,4,3,28,32.5,18.7,8.1,15,3.1,24.6,0.6,151.1
PWG38-19,2019,2,0,0,0,0,0.5,13,4,3,28,32.5,18.7,8.1,15,3.1,24.6,0.6,151.1
PWG39-19,2019,3,1,1,0,0,0.5,13,4,3,28,32.5,18.7,8.1,15,3.1,24.6,0.6,151.1
PWG40-19,2019,5,1,2,1,0,0.5,13,4,3,28,32.5,18.7,8.1,15,3.1,24.6,0.6,151.1
PWG41-19,2019,3,1,1,0,0,0.5,13,4,3,28,32.5,18.7,8.1,15,3.1,24.6,0.6,151.1
PWG45-19,2019,2,0,0,0,0,0.5,13,4,3,28,32.5,18.7,8.1,15,3.1,24.6,0.6,151.1
PWG47-19,2019,3,1,1,0,0,0.5,13,4,3,28,32.5,18.7,8.1,15,3.1,24.6,0.6,151.1
PWG48-19,2019,3,1,0,1,0,0.5,13,4,3,28,32.5,18.7,8.1,15,3.1,24.6,0.6,151.1
PWG51-19,2019,5,1,2,1,0,0.5,13,4,3,28,32.5,18.7,8.1,15,3.1,24.6,0.6,151.1
PWG53-19,2019,3,1,0,1,0,0.5,13,4,3,28,32.5,18.7,8.1,15,3.1,24.6,0.6,151.1
PWG54-19,2019,4,1,0,2,0,0.5,13,4,3,28,32.5,18.7,8.1,15,3.1,24.6,0.6,151.1
PWG58-19,2019,3,1,0,1,0,0.5,13,4,3,28,32.5,18.7,8.1,15,3.1,24.6,0.6,151.1
PWG59-19,2019,3,1,1,0,0,0.5,13,4,3,28,32.5,18.7,8.1,15,3.1,24.6,0.6,151.1
PWG63-19,2019,2,0,0,0,0,0.5,13,4,3,28,32.5,18.7,8.1,15,3.1,24.6,0.6,151.1
PWG64-19,2019,3,1,1,0,0,0.5,13,4,3,28,32.5,18.7,8.1,15,3.1,24.6,0.6,151.1
PWG66-19,2019,4,1,1,1,0,0.5,13,4,3,28,32.5,18.7,8.1,15,3.1,24.6,0.6,151.1
PWG71-19,2019,2,0,0,0,0,0.5,13,4,3,28,32.5,18.7,8.1,15,3.1,24.6,0.6,151.1
PWG73-19,2019,5,1,1,2,0,0.5,13,4,3,28,32.5,18.7,8.1,15,3.1,24.6,0.6,151.1
PWG74-19,2019,2,0,0,0,0,0.5,13,4,3,28,32.5,18.7,8.1,15,3.1,24.6,0.6,151.1
PWG75-19,2019,2,0,0,0,0,0.5,13,4,3,28,32.5,18.7,8.1,15,3.1,24.6,0.6,151.1
PWG76-19,2019,3,1,1,0,0,0.5,13,4,3,28,32.5,18.7,8.1,15,3.1,24.6,0.6,151.1
PWG77-19,2019,4,1,1,1,0,0.5,13,4,3,28,32.5,18.7,8.1,15,3.1,24.6,0.6,151.1
PWG79-19,2019,3,1,1,0,0,0.5,13,4,3,28,32.5,18.7,8.1,15,3.1,24.6,0.6,151.1
PWG80-19,2019,3,1,1,0,0,0.5,13,4,3,28,32.5,18.7,8.1,15,3.1,24.6,0.6,151.1
PWG81-19,2019,3,1,1,0,0,0.5,13,4,3,28,32.5,18.7,8.1,15,3.1,24.6,0.6,151.1
PWG82-19,2019,3,1,1,0,0,0.5,13,4,3,28,32.5,18.7,8.1,15,3.1,24.6,0.6,151.1
PWG84-19,2019,3,1,1,0,0,0.5,13,4,3,28,32.5,18.7,8.1,15,3.1,24.6,0.6,151.1
PWG87-19,2019,4,1,2,0,0,0.5,13,4,3,28,32.5,18.7,8.1,15,3.1,24.6,0.6,151.1
PWG89-19,2019,2,0,0,0,0,0.5,13,4,3,28,32.5,18.7,8.1,15,3.1,24.6,0.6,151.1
PWG62B-19,2019,5,1,2,1,0,0.5,13,4,3,28,32.5,18.7,8.1,15,3.1,24.6,0.6,151.1
